{"stat.killEntity.PigZombie":1,"stat.useItem.323":5,"stat.fallOneCm":493686,"achievement.openInventory":644,"stat.useItem.145":7,"stat.jump":705,"achievement.exploreAllBiomes":{"value":0,"progress":["Plains"]},"stat.useItem.1":487,"stat.mobKills":264,"stat.useItem.3":10,"stat.damageTaken":-2147420004,"stat.useItem.4":1,"stat.deaths":7,"stat.useItem.54":1,"stat.useItem.383":39,"stat.useItem.76":21,"stat.useItem.389":44,"stat.killEntity.Blaze":261,"stat.useItem.77":82,"stat.damageDealt":735,"stat.killEntity.Zombie":2,"stat.drop":150,"stat.useItem.158":11,"stat.flyOneCm":1377286,"stat.useItem.152":15,"stat.leaveGame":25,"stat.useItem.29":5,"stat.useItem.137":322,"stat.useItem.154":10,"stat.useItem.174":6,"stat.useItem.356":215,"stat.useItem.331":142,"stat.useItem.69":24,"stat.useItem.276":8,"stat.walkOneCm":948224,"stat.useItem.44":3,"stat.useItem.42":114,"stat.useItem.41":5,"stat.useItem.397":59,"stat.entityKilledBy.Blaze":4,"stat.useItem.404":29,"stat.playOneMinute":400041}