{"stat.chestOpened":8,"stat.useItem.minecraft.bow":1237,"stat.useItem.minecraft.splash_potion":4,"stat.useItem.minecraft.chain_command_block":181,"stat.useItem.minecraft.sticky_piston":26,"stat.pickup.minecraft.sign":36,"stat.pickup.minecraft.redstone_torch":19,"stat.useItem.minecraft.stone":1386,"stat.useItem.minecraft.repeater":155,"stat.leaveGame":27,"stat.useItem.minecraft.skull":6,"stat.drop.minecraft.redstone":2,"stat.killEntity.Blaze":571,"stat.useItem.minecraft.repeating_command_block":67,"stat.useItem.minecraft.diamond_sword":11,"stat.useItem.minecraft.glowstone":90,"stat.pickup.minecraft.diamond_sword":3,"stat.jump":728,"stat.fallOneCm":181047,"stat.drop.minecraft.diamond_sword":3,"stat.pickup.minecraft.porkchop":7,"stat.crouchOneCm":41304,"stat.useItem.minecraft.redstone_torch":147,"stat.useItem.minecraft.stone_button":40,"stat.useItem.minecraft.dirt":53,"achievement.exploreAllBiomes":{"value":0,"progress":["Plains"]},"stat.drop.minecraft.redstone_torch":3,"stat.dropperInspected":56,"stat.useItem.minecraft.redstone_lamp":1,"stat.pickup.minecraft.repeater":275,"stat.pickup.minecraft.anvil":1,"stat.damageTaken":1590,"stat.useItem.minecraft.gold_block":112,"stat.pickup.minecraft.planks":1,"stat.useItem.minecraft.anvil":4,"stat.flyOneCm":3128690,"stat.damageDealt":475,"stat.pickup.minecraft.redstone":132,"stat.timeSinceDeath":526418,"stat.hopperInspected":73,"stat.useItem.minecraft.sign":14,"stat.useItem.minecraft.spawn_egg":9,"stat.killEntity.Pig":3,"stat.useItem.minecraft.command_block":516,"stat.walkOneCm":724464,"stat.useItem.minecraft.lever":1,"stat.useItem.minecraft.comparator":54,"stat.pickup.minecraft.redstone_block":7,"stat.drop.minecraft.spawn_egg":1,"stat.useItem.minecraft.redstone_block":2044,"stat.useItem.minecraft.redstone":247,"stat.useItem.minecraft.item_frame":6,"stat.pickup.minecraft.stone":12,"stat.useItem.minecraft.dropper":14,"stat.sprintOneCm":229651,"stat.useItem.minecraft.stone_slab":1,"stat.useItem.minecraft.ice":5,"achievement.openInventory":368,"stat.useItem.minecraft.barrier":2,"stat.pickup.minecraft.grass":1,"stat.useItem.minecraft.iron_block":246,"stat.useItem.minecraft.wooden_button":1,"stat.useItem.minecraft.hopper":28,"stat.mobKills":574,"stat.deaths":2,"stat.drop":29,"stat.playOneMinute":696079,"stat.pickup.minecraft.blaze_rod":33,"stat.pickup.minecraft.stone_button":12,"stat.sneakTime":45140,"stat.drop.minecraft.blaze_rod":13,"stat.drop.minecraft.redstone_block":7,"stat.pickup.minecraft.iron_block":1}